Player,From,To,Age,G,GS,AV,Pos,Team
Tom Brady,2000,2022,23-45,335,333,326,QB,"NWE,TAM"
Drew Brees,2001,2020,22-41,287,286,277,QB,"NOR,SDG"
Peyton Manning,1999,2015,23-39,250,249,260,QB,"DEN,IND"
Aaron Rodgers,2005,2024,22-41,241,234,231,QB,"GNB,NYJ"
Philip Rivers,2004,2020,23-39,244,240,218,QB,"IND,LAC,SDG"
Matt Ryan,2008,2022,23-37,234,234,210,QB,"ATL,IND"
Ben Roethlisberger,2004,2021,22-39,249,247,208,QB,PIT
Russell Wilson,2012,2024,24-36,191,191,179,QB,"DEN,PIT,SEA"
Eli Manning,2004,2019,23-38,236,234,169,QB,NYG
Matthew Stafford,2009,2024,21-36,215,215,168,QB,"DET,LAR"
Brett Favre,1999,2010,30-41,189,189,148,QB,"GNB,MIN,NYJ"
Carson Palmer,2004,2017,25-38,182,181,141,QB,"ARI,CIN,OAK"
Cam Newton,2011,2021,22-32,148,144,140,QB,"CAR,NWE"
Donovan McNabb,1999,2011,23-35,167,161,138,QB,"MIN,PHI,WAS"
Joe Flacco,2008,2024,23-39,194,189,127,QB,"BAL,CLE,DEN,IND,NYJ"
Alex Smith,2005,2020,21-36,174,167,120,QB,"KAN,SFO,WAS"
Andy Dalton,2011,2024,24-37,175,168,117,QB,"CAR,CHI,CIN,DAL,NOR"
Kirk Cousins,2012,2024,24-36,160,155,116,QB,"ATL,MIN,WAS"
Tony Romo,2004,2016,24-36,156,127,115,QB,DAL
Ryan Tannehill,2012,2023,24-35,155,151,114,QB,"MIA,TEN"
Kurt Warner,1999,2009,28-38,123,116,113,QB,"ARI,NYG,STL"
Derek Carr,2014,2024,23-33,166,166,112,QB,"LVR,NOR,OAK"
Michael Vick,2001,2015,21-35,143,115,112,QB,"ATL,NYJ,PHI,PIT"
Matt Hasselbeck,1999,2015,24-40,209,160,110,QB,"GNB,IND,SEA,TEN"
Jay Cutler,2006,2017,23-34,153,153,109,QB,"CHI,DEN,MIA"
Patrick Mahomes,2017,2024,22-29,105,105,109,QB,KAN
Dak Prescott,2016,2024,23-31,122,122,107,QB,DAL
Jeff Garcia,1999,2009,29-39,125,116,104,QB,"CLE,DET,PHI,SFO,TAM"
Ryan Fitzpatrick,2005,2021,23-39,166,147,101,QB,"BUF,CIN,HOU,MIA,NYJ,STL,TAM,TEN,WAS"
Trent Green,2000,2008,30-38,104,99,100,QB,"KAN,MIA,STL"
Daunte Culpepper,1999,2009,22-32,105,100,98,QB,"DET,MIA,MIN,OAK"
Jared Goff,2016,2024,22-30,126,126,95,QB,"DET,LAR"
Lamar Jackson,2018,2024,21-27,96,87,93,QB,BAL
Josh Allen,2018,2024,22-28,104,103,92,QB,BUF
Kerry Collins,1999,2011,27-39,146,131,90,QB,"IND,NYG,OAK,TEN"
Steve McNair,1999,2007,26-34,116,115,88,QB,"BAL,TEN"
Jon Kitna,1999,2011,27-39,132,118,85,QB,"CIN,DAL,DET,SEA"
Andrew Luck,2012,2018,23-29,86,86,80,QB,IND
Matt Schaub,2004,2020,23-39,155,93,79,QB,"ATL,BAL,HOU,OAK"
Rich Gannon,1999,2004,34-39,74,74,74,QB,OAK
Aaron Brooks,2000,2006,24-30,93,90,73,QB,"NOR,OAK"
Jake Plummer,1999,2006,25-32,117,111,73,QB,"ARI,DEN"
Brad Johnson,1999,2008,31-40,139,102,71,QB,"DAL,MIN,TAM,WAS"
Drew Bledsoe,1999,2006,27-34,104,104,70,QB,"BUF,DAL,NWE"
David Garrard,2002,2010,24-32,86,76,70,QB,JAX
Mark Brunell,1999,2011,29-41,135,98,69,QB,"JAX,NOR,NYJ,WAS"
Carson Wentz,2016,2024,24-32,96,93,68,QB,"IND,KAN,LAR,PHI,WAS"
Jameis Winston,2015,2024,21-30,100,82,67,QB,"CLE,NOR,TAM"
Jake Delhomme,1999,2011,24-36,103,96,66,QB,"CAR,CLE,HOU,NOR"
Marc Bulger,2002,2009,25-32,96,95,64,QB,STL
Baker Mayfield,2018,2024,23-29,99,96,64,QB,"CAR,CLE,LAR,TAM"
Deshaun Watson,2017,2024,22-29,73,72,63,QB,"CLE,HOU"
Brian Griese,1999,2008,24-33,92,83,62,QB,"CHI,DEN,MIA,TAM"
Kyler Murray,2019,2024,22-27,75,75,62,QB,ARI
Chad Pennington,2000,2010,24-34,89,81,62,QB,"MIA,NYJ"
Marcus Mariota,2015,2024,22-31,92,74,61,QB,"ATL,LVR,PHI,TEN,WAS"
Jalen Hurts,2020,2024,22-26,72,61,59,QB,PHI
Justin Herbert,2020,2024,22-26,71,71,56,QB,LAC
Jason Campbell,2006,2014,24-32,90,79,54,QB,"CHI,CIN,CLE,OAK,WAS"
Teddy Bridgewater,2014,2023,22-31,79,65,53,QB,"CAR,DEN,DET,MIA,MIN,NOR"
Tyrod Taylor,2011,2024,22-35,93,58,53,QB,"BAL,BUF,CLE,HOU,LAC,NYG,NYJ"
Jimmy Garoppolo,2014,2023,23-32,81,63,52,QB,"LVR,NWE,SFO"
Matt Cassel,2005,2018,23-36,107,81,51,QB,"BUF,DAL,DET,KAN,MIN,NWE,TEN"
Sam Bradford,2010,2018,23-31,83,83,49,QB,"ARI,MIN,PHI,STL"
David Carr,2002,2012,23-33,94,79,49,QB,"CAR,HOU,NYG,SFO"
Colin Kaepernick,2011,2016,24-29,69,58,49,QB,SFO
Blake Bortles,2014,2019,22-27,78,73,48,QB,"JAX,LAR"
Joe Burrow,2020,2024,24-28,62,62,47,QB,CIN
Josh McCown,2002,2019,23-40,102,76,47,QB,"ARI,CAR,CHI,CLE,DET,NYJ,OAK,PHI,TAM"
Geno Smith,2013,2024,23-34,86,75,45,QB,"LAC,NYG,NYJ,SEA"
Kyle Orton,2005,2014,23-32,87,82,44,QB,"BUF,CHI,DAL,DEN,KAN"
Jay Fiedler,1999,2005,28-34,71,60,43,QB,"JAX,MIA,NYJ"
Mitchell Trubisky,2017,2024,23-30,75,57,42,QB,"BUF,CHI,PIT"
Josh Freeman,2009,2015,21-27,62,61,40,QB,"IND,MIN,TAM"
Daniel Jones,2019,2024,22-27,70,69,40,QB,NYG
Case Keenum,2013,2023,25-35,80,66,40,QB,"BUF,CLE,DEN,HOU,LAR,MIN,STL,WAS"
Tua Tagovailoa,2020,2024,22-26,58,56,40,QB,MIA
Doug Flutie,1999,2005,37-43,57,42,39,QB,"BUF,NWE,SDG"
Kordell Stewart,1999,2005,27-33,67,51,39,QB,"BAL,CHI,PIT"
Robert Griffin III,2012,2020,22-30,56,42,38,QB,"BAL,CLE,WAS"
Nick Foles,2012,2022,23-33,71,58,37,QB,"CHI,IND,JAX,KAN,PHI,STL"
Vinny Testaverde,1999,2007,36-44,77,69,37,QB,"CAR,DAL,NWE,NYJ"
Steve Beuerlein,1999,2003,34-38,44,37,36,QB,"CAR,DEN"
Jacoby Brissett,2016,2024,24-32,85,53,36,QB,"CLE,IND,MIA,NWE,WAS"
Byron Leftwich,2003,2012,23-32,60,50,36,QB,"ATL,JAX,PIT,TAM"
Vince Young,2006,2011,23-28,60,50,36,QB,"PHI,TEN"
Justin Fields,2021,2024,22-25,46,44,35,QB,"CHI,PIT"
Trevor Lawrence,2021,2024,22-25,59,59,35,QB,JAX
Mark Sanchez,2009,2018,23-32,79,73,35,QB,"DAL,NYJ,PHI,WAS"
Joey Harrington,2002,2007,24-29,81,76,34,QB,"ATL,DET,MIA"
Tim Couch,1999,2003,22-26,62,59,33,QB,CLE
Elvis Grbac,1999,2001,29-31,45,45,33,QB,"BAL,KAN"
Gus Frerotte,1999,2008,28-37,95,47,32,QB,"CIN,DEN,DET,MIA,MIN,STL"
Jeff Blake,1999,2005,29-35,55,46,31,QB,"ARI,BAL,CHI,CIN,NOR,PHI"
Gardner Minshew II,2019,2024,23-28,57,44,31,QB,"IND,JAX,LVR,PHI"
Chris Chandler,1999,2004,34-39,62,54,30,QB,"ATL,CHI,STL"
Charlie Batch,1999,2012,25-38,69,43,29,QB,"DET,PIT"
Chad Henne,2008,2022,23-37,78,54,29,QB,"JAX,KAN,MIA"
Sam Darnold,2018,2024,21-27,75,65,28,QB,"CAR,MIN,NYJ,SFO"
Brian Hoyer,2009,2023,24-38,79,41,26,QB,"ARI,CHI,CLE,HOU,IND,LVR,NWE,SFO"
Rex Grossman,2003,2011,23-31,54,47,25,QB,"CHI,HOU,WAS"
Mac Jones,2021,2024,23-26,45,43,25,QB,"JAX,NWE"
Shaun Hill,2005,2016,25-36,49,35,24,QB,"DET,MIN,SFO,STL"
Taysom Hill,2017,2023,27-33,81,36,24,QB,NOR
Tarvaris Jackson,2006,2015,23-32,59,34,24,QB,"MIN,SEA"
Brock Purdy,2022,2024,23-25,34,30,24,QB,SFO
Tony Banks,1999,2005,26-32,52,35,23,QB,"BAL,HOU,WAS"
Trent Dilfer,1999,2007,27-35,61,47,23,QB,"BAL,CLE,SEA,SFO,TAM"
Tommy Maddox,2001,2005,30-34,42,32,23,QB,PIT
Christian Ponder,2011,2014,23-26,38,36,23,QB,MIN
Derek Anderson,2006,2018,23-35,78,49,22,QB,"ARI,BUF,CAR,CLE"
Taylor Heinicke,2017,2024,24-31,39,29,21,QB,"ATL,CAR,HOU,LAC,WAS"
Matt Moore,2007,2019,23-35,55,32,21,QB,"CAR,KAN,MIA"
Damon Huard,1999,2008,26-35,62,27,20,QB,"KAN,MIA,NWE"
J.P. Losman,2004,2011,23-30,45,33,20,QB,"BUF,MIA,OAK"
Blaine Gabbert,2011,2023,22-34,69,49,19,QB,"ARI,JAX,KAN,SFO,TAM,TEN"
Shaun King,1999,2004,22-27,34,24,19,QB,"ARI,TAM"
Colt McCoy,2010,2022,24-36,56,36,19,QB,"ARI,CLE,NYG,SFO,WAS"
Jordan Love,2021,2024,23-26,34,25,18,QB,GNB
Kyle Boller,2003,2011,22-30,67,47,17,QB,"BAL,OAK,STL"
Quincy Carter,2001,2004,24-27,38,34,17,QB,"DAL,NYJ"
Trent Edwards,2007,2012,24-29,38,33,17,QB,"BUF,JAX,PHI"
Nick Mullens,2018,2024,23-29,31,20,17,QB,"CLE,MIN,SFO"
Jeff George,1999,2001,32-34,20,17,16,QB,"MIN,WAS"
Rob Johnson,1999,2003,26-30,32,22,16,QB,"BUF,OAK,TAM,WAS"
Jake Locker,2011,2014,23-26,30,23,16,QB,TEN
Jim Miller,1999,2002,28-31,32,26,16,QB,CHI
Trevor Siemian,2015,2023,24-32,40,33,16,QB,"CHI,DEN,NOR,NYJ"
Seneca Wallace,2005,2013,25-33,64,22,16,QB,"CLE,GNB,SEA"
Kelly Holcomb,2001,2007,28-34,32,23,15,QB,"BUF,CLE,MIN"
Davis Mills,2021,2024,23-26,36,26,15,QB,HOU
Brock Osweiler,2012,2018,22-28,49,30,15,QB,"DEN,HOU,MIA"
Patrick Ramsey,2002,2008,23-29,37,24,15,QB,"DEN,NYJ,WAS"
Troy Aikman,1999,2000,33-34,25,25,14,QB,DAL
Drew Lock,2019,2024,23-28,30,23,14,QB,"DEN,NYG,SEA"
Sage Rosenfels,2002,2010,24-32,44,12,14,QB,"HOU,MIA,NYG"
C.J. Stroud,2023,2024,22-23,25,25,14,QB,HOU
Brandon Weeden,2012,2018,29-35,35,25,14,QB,"CLE,DAL,HOU"
Zach Wilson,2021,2023,22-24,34,33,14,QB,NYJ
Kevin Kolb,2007,2012,23-28,34,21,13,QB,"ARI,PHI"
Kenny Pickett,2022,2024,24-26,27,24,13,QB,"PHI,PIT"
Tim Rattay,2000,2007,23-30,40,18,13,QB,"ARI,SFO,TAM"
Jim Harbaugh,1999,2000,36-37,21,17,12,QB,SDG
Sam Howell,2022,2024,22-24,19,18,12,QB,"SEA,WAS"
Matt Leinart,2006,2012,23-29,33,18,12,QB,"ARI,HOU,OAK"
Ray Lucas,1999,2002,27-30,33,15,12,QB,"MIA,NYJ"
Desmond Ridder,2022,2024,23-25,21,17,12,QB,"ATL,LVR"
Tim Tebow,2010,2012,23-25,35,16,12,QB,"DEN,NYJ"
Billy Volek,2001,2011,25-35,39,10,12,QB,"SDG,TEN"
Kyle Allen,2018,2024,22-28,31,19,11,QB,"BUF,CAR,HOU,PIT,WAS"
Randall Cunningham,1999,2001,36-38,18,11,11,QB,"BAL,DAL,MIN"
EJ Manuel,2013,2017,23-27,30,18,11,QB,"BUF,OAK"
Anthony Wright,2000,2007,24-31,31,19,11,QB,"BAL,CIN,DAL,NYG"
Kellen Clemens,2006,2017,23-34,64,21,10,QB,"LAC,NYJ,SDG,STL"
Neil O'Donnell,1999,2003,33-37,25,8,10,QB,TEN
Chris Redman,2000,2011,23-34,30,12,10,QB,"ATL,BAL"
Drew Stanton,2008,2017,24-33,38,17,10,QB,"ARI,DET"
Tyler Thigpen,2007,2012,23-28,29,12,10,QB,"BUF,KAN,MIA"
C.J. Beathard,2017,2023,24-30,32,13,9,QB,"JAX,SFO"
Chris Weinke,2001,2007,29-35,29,20,9,QB,"CAR,SFO"
Joshua Dobbs,2018,2023,23-28,21,14,8,QB,"ARI,MIN,PIT,TEN"
Jeff Driskel,2018,2024,25-31,25,12,8,QB,"CIN,CLE,DEN,DET,HOU,WAS"
A.J. Feeley,2001,2011,24-34,28,18,8,QB,"MIA,PHI,STL"
Matt Flynn,2008,2014,23-29,51,7,8,QB,"GNB,OAK,SEA"
Charlie Frye,2005,2009,24-28,26,23,8,QB,"CLE,OAK,SEA"
Mike Glennon,2013,2021,24-32,40,31,8,QB,"ARI,CHI,JAX,NYG,OAK,TAM"
Bruce Gradkowski,2006,2014,23-31,37,20,8,QB,"CIN,CLE,OAK,PIT,TAM"
Kent Graham,1999,2001,31-33,24,14,8,QB,"NYG,PIT,WAS"
Doug Johnson,2000,2004,23-27,25,11,8,QB,"ATL,TEN"
Josh Johnson,2009,2024,23-38,42,9,8,QB,"BAL,CIN,CLE,NYJ,SFO,TAM,WAS"
Shane Matthews,1999,2004,29-34,29,22,8,QB,"BUF,CHI,WAS"
Luke McCown,2004,2015,23-34,62,10,8,QB,"ATL,CLE,JAX,NOR,TAM"
Cade McNown,1999,2000,22-23,25,15,8,QB,CHI
Chris Simms,2004,2009,24-29,23,16,8,QB,"DEN,TAM,TEN"
Jake Browning,2023,2024,27-28,11,7,7,QB,CIN
Dan Marino,1999,1999,38,11,11,7,QB,MIA
Jamie Martin,2000,2007,30-37,43,7,7,QB,"JAX,NOR,STL"
Dan Orlovsky,2005,2015,22-32,26,12,7,QB,"DET,HOU,IND,TAM"
Terrelle Pryor,2011,2013,22-24,15,10,7,QB,OAK
Mason Rudolph,2019,2024,24-29,25,16,7,QB,"PIT,TEN"
Charlie Whitehurst,2006,2016,24-34,25,9,7,QB,"CLE,IND,SDG,SEA,TEN"
Brooks Bollinger,2004,2008,25-29,21,10,6,QB,"DAL,MIN,NYJ"
Todd Bouman,2001,2010,29-38,43,7,6,QB,"JAX,MIN,NOR"
Chase Daniel,2010,2022,24-36,74,5,6,QB,"CHI,DET,KAN,LAC,NOR,PHI"
Austin Davis,2014,2017,25-28,16,10,6,QB,"CLE,SEA,STL"
Quinn Gray,2005,2008,26-29,12,4,6,QB,"JAX,KAN"
Tyler Huntley,2020,2024,22-26,23,12,6,QB,"BAL,MIA"
Danny Kanell,1999,2003,26-30,13,4,6,QB,"ATL,DEN"
DeShone Kizer,2017,2018,21-22,18,15,6,QB,"CLE,GNB"
Cleo Lemon,2006,2008,27-29,15,8,6,QB,"JAX,MIA"
Will Levis,2023,2024,24-25,15,15,6,QB,TEN
Mike McMahon,2001,2005,22-26,29,14,6,QB,"DET,PHI"
Aidan O'Connell,2023,2024,25-26,15,12,6,QB,LVR
J.T. O'Sullivan,2004,2009,25-30,17,8,6,QB,"CIN,DET,GNB,SFO"
Rodney Peete,1999,2004,33-38,20,15,6,QB,"CAR,OAK,WAS"
JaMarcus Russell,2007,2009,22-24,31,25,6,QB,OAK
Troy Smith,2007,2010,23-26,20,8,6,QB,"BAL,SFO"
Jarrett Stidham,2019,2024,23-28,17,4,6,QB,"DEN,LVR,NWE"
Mike Tomczak,1999,1999,37,16,5,6,QB,PIT
P.J. Walker,2020,2023,25-28,21,9,6,QB,"CAR,CLE"
T.J. Yates,2011,2017,24-30,22,10,6,QB,"ATL,HOU,MIA"
Bryce Young,2023,2024,22-23,23,21,6,QB,CAR
Matt Barkley,2013,2023,23-33,20,7,5,QB,"BUF,CHI,JAX,PHI"
Brett Hundley,2016,2019,23-26,18,9,5,QB,"ARI,GNB"
Cody Kessler,2016,2018,23-25,17,12,5,QB,"CLE,JAX"
Rick Mirer,1999,2003,29-33,18,14,5,QB,"NYJ,OAK,SFO"
Cooper Rush,2017,2024,24-31,31,7,5,QB,DAL
Jim Sorgi,2004,2009,24-29,16,0,5,QB,IND
Alex Van Pelt,1999,2003,29-33,22,8,5,QB,BUF
Mike White,2021,2023,26-28,14,7,5,QB,"MIA,NYJ"
Brandon Allen,2019,2024,27-32,16,9,4,QB,"CIN,DEN,SFO"
John Beck,2007,2011,26-30,9,7,4,QB,"MIA,WAS"
Tommy DeVito,2023,2023,25,9,6,4,QB,NYG
Dwayne Haskins,2019,2020,22-23,16,13,4,QB,WAS
Chad Hutchinson,2002,2004,25-27,15,14,4,QB,"CHI,DAL"
Landry Jones,2015,2017,26-28,18,5,4,QB,PIT
Trey Lance,2021,2024,21-24,9,4,4,QB,"DAL,SFO"
Ryan Mallett,2012,2017,24-29,21,8,4,QB,"BAL,HOU,NWE"
Johnny Manziel,2014,2015,22-23,14,8,4,QB,CLE
A.J. McCarron,2015,2023,25-33,19,4,4,QB,"CIN,HOU,OAK"
Matt McGloin,2013,2016,24-27,13,7,4,QB,OAK
Bryce Petty,2016,2017,25-26,10,7,4,QB,NYJ
John Skelton,2010,2012,22-24,20,17,4,QB,ARI
Brad Smith,2006,2012,23-29,31,5,4,WR/QB,"BUF,NYJ"
Easton Stick,2020,2023,25-28,6,4,4,QB,LAC
Billy Joe Tolliver,1999,1999,33,10,7,4,QB,NOR
Joe Webb,2010,2012,24-26,17,3,4,QB,MIN
Tyson Bagent,2023,2024,23-24,7,4,3,QB,CHI
Tim Boyle,2019,2024,25-30,22,5,3,QB,"CHI,DET,GNB,MIA,NYJ"
Stoney Case,1999,2000,27-28,15,5,3,QB,"BAL,DET"
Jimmy Clausen,2010,2015,23-28,21,14,3,QB,"BAL,CAR,CHI"
Koy Detmer,1999,2006,26-33,95,3,3,QB,PHI
Ryan Leaf,2000,2001,24-25,15,12,3,QB,"DAL,SDG"
Thaddeus Lewis,2012,2013,27-28,7,6,3,QB,"BUF,CLE"
Doug Pederson,1999,2004,31-36,79,17,3,QB,"CLE,GNB,PHI"
Nathan Peterman,2017,2023,23-29,15,5,3,QB,"BUF,CHI,LVR"
Anthony Richardson,2023,2024,21-22,10,10,3,QB,IND
Josh Rosen,2018,2021,21-24,24,16,3,QB,"ARI,ATL,MIA"
Brett Rypien,2020,2023,24-27,10,4,3,QB,"DEN,LAR"
Tom Savage,2014,2017,24-27,13,9,3,QB,HOU
Scott Tolzien,2013,2017,26-30,10,4,3,QB,"GNB,IND"
Danny Wuerffel,1999,2002,25-28,13,4,3,QB,"CHI,GNB,NOR,WAS"
Dave Brown,1999,2001,29-31,15,7,2,QB,ARI
Todd Collins,2001,2010,30-39,21,4,2,QB,"CHI,KAN,WAS"
Brodie Croyle,2006,2010,23-27,18,10,2,QB,KAN
Dennis Dixon,2008,2010,23-25,4,3,2,QB,PIT
Ken Dorsey,2004,2008,23-27,16,13,2,QB,"CLE,SFO"
Sam Ehlinger,2021,2023,23-25,8,3,2,QB,IND
Ryan Finley,2019,2020,25-26,8,4,2,QB,CIN
Garrett Gilbert,2018,2021,27-30,8,2,2,QB,"CAR,CLE,DAL,WAS"
Tony Graziani,1999,1999,26,11,3,2,QB,ATL
Caleb Hanie,2009,2011,24-26,10,4,2,QB,CHI
Billy Joe Hobert,1999,1999,28,9,7,2,QB,NOR
Kevin Hogan,2016,2021,24-29,9,1,2,QB,"CLE,TEN"
Brock Huard,2000,2003,24-27,8,4,2,QB,"IND,SEA"
Erik Kramer,1999,1999,35,6,4,2,QB,SDG
Jake Luton,2020,2020,24,3,3,2,QB,JAX
Paxton Lynch,2016,2017,22-23,5,4,2,QB,DEN
Sean Mannion,2015,2021,23-29,14,3,2,QB,"LAR,MIN,STL"
Stephen McGee,2010,2011,25-26,3,1,2,QB,DAL
Chris Miller,1999,1999,34,3,3,2,QB,DEN
Kellen Moore,2015,2015,26,3,2,2,QB,DAL
Curtis Painter,2009,2013,24-28,14,8,2,QB,"IND,NYG"
Tyler Palko,2010,2011,27-28,8,4,2,QB,KAN
Brady Quinn,2007,2012,23-28,24,20,2,QB,"CLE,KAN"
Jonathan Quinn,2000,2004,25-29,13,4,2,QB,"CHI,JAX,KAN"
Akili Smith,1999,2002,24-27,22,17,2,QB,CIN
Steve Stenstrom,1999,1999,28,6,3,2,QB,SFO
Skylar Thompson,2022,2024,25-27,9,3,2,QB,MIA
John Wolford,2020,2022,25-27,7,4,2,QB,LAR
Spergon Wynn,2000,2001,22-23,10,3,2,QB,"CLE,MIN"
Steve Young,1999,1999,38,3,3,2,QB,SFO
Bailey Zappe,2022,2023,23-24,14,8,2,QB,NWE
Anthony Brown,2022,2022,24,2,1,1,QB,BAL
Travis Brown,2000,2003,23-26,4,0,1,QB,"BUF,SEA"
Henry Burris,2002,2002,27,6,1,1,QB,CHI
Ben DiNucci,2020,2020,24,3,1,1,QB,DAL
Armanti Edwards,2010,2013,22-25,41,0,1,QB,"CAR,CLE"
David Fales,2016,2019,26-29,5,0,1,QB,"CHI,MIA,NYJ"
Luke Falk,2019,2019,25,3,2,1,QB,NYJ
Randy Fasani,2002,2002,24,4,1,1,QB,CAR
Glenn Foley,1999,1999,29,3,1,1,QB,SEA
Jake Fromm,2021,2021,23,3,2,1,QB,NYG
Jason Garrett,1999,2000,33-34,7,2,1,QB,"DAL,NYG"
Joe Germaine,1999,1999,24,3,0,1,QB,STL
Will Grier,2019,2019,24,2,2,1,QB,CAR
Jaren Hall,2023,2023,25,3,2,1,QB,MIN
Max Hall,2010,2010,25,6,3,1,QB,ARI
Tim Hasselbeck,2002,2007,24-29,12,5,1,QB,"ARI,NYG,PHI,WAS"
Kurt Kittner,2003,2003,23,7,4,1,QB,ATL
Craig Krenzel,2004,2004,23,6,5,1,QB,CHI
Jeff Lewis,1999,2000,26-27,7,0,1,QB,CAR
Matt Mauck,2005,2005,26,2,1,1,QB,TEN
Greg McElroy,2012,2012,24,2,1,1,QB,NYJ
Trace McSorley,2019,2022,24-27,9,1,1,QB,"ARI,BAL"
Zach Mettenberger,2014,2015,23-24,14,10,1,QB,TEN
Scott Mitchell,1999,2001,31-33,11,7,1,QB,"BAL,CIN"
Warren Moon,1999,2000,43-44,3,1,1,QB,KAN
Moses Moreno,1999,2000,24-25,7,2,1,QB,SDG
Craig Nall,2003,2007,24-28,7,0,1,QB,GNB
Keith Null,2009,2009,24,4,4,1,QB,STL
Jesse Palmer,2002,2003,24-25,8,3,1,QB,NYG
Bryce Perkins,2022,2022,26,5,1,1,QB,LAR
Cody Pickett,2004,2005,24-25,6,2,1,QB,SFO
Dave Ragone,2003,2003,24,2,2,1,QB,HOU
Matt Simms,2013,2014,25-26,4,0,1,QB,NYJ
Rusty Smith,2010,2012,23-25,3,1,1,QB,TEN
Clint Stoerner,2000,2001,23-24,5,2,1,QB,DAL
Nate Sudfeld,2017,2022,24-29,6,0,1,QB,"DET,PHI"
Dorian Thompson-Robinson,2023,2024,24-25,9,3,1,QB,CLE
Jeff Tuel,2013,2013,22,2,1,1,QB,BUF
Marques Tuiasosopo,2001,2008,22-29,13,2,1,QB,OAK
Andrew Walter,2006,2008,24-26,15,9,1,QB,OAK
Davis Webb,2021,2022,26-27,2,1,1,QB,"BUF,NYG"
Malik Willis,2022,2024,23-25,15,5,1,QB,"GNB,TEN"
Eric Zeier,1999,2000,27-28,5,1,1,QB,TAM
Pat Barnes,1999,1999,24,1,0,0,QB,SFO
Richard Bartel,2010,2011,27-28,3,0,0,QB,ARI
Brett Basanez,2006,2006,23,1,0,0,QB,CAR
Kurt Benkert,2021,2021,26,1,0,0,QB,GNB
Brock Berlin,2007,2008,26-27,2,1,0,QB,STL
Michael Bishop,2000,2000,24,8,0,0,QB,NWE
David Blough,2019,2022,24-27,9,7,0,QB,"ARI,DET"
Steve Bono,1999,1999,37,2,0,0,QB,CAR
Ian Book,2021,2021,23,1,1,0,QB,NOR
Trevone Boykin,2016,2016,23,5,0,0,QB,SEA
Tom Brandstater,2011,2011,27,1,0,0,QB,STL
Tyler Bray,2017,2020,26-29,2,0,0,QB,"CHI,KAN"
Bubby Brister,1999,2000,37-38,4,0,0,QB,"DEN,MIN"
Brian Brohm,2009,2010,24-25,3,2,0,QB,BUF
Levi Brown,2010,2010,23,1,0,0,QB,BUF
Joe Callahan,2017,2017,24,1,0,0,QB,GNB
Rudy Carpenter,2011,2011,25,1,0,0,QB,TAM
Sean Clifford,2023,2023,25,2,0,0,QB,GNB
Connor Cook,2016,2016,23,1,0,0,QB,OAK
Scott Covington,1999,2002,23-26,4,1,0,QB,"CIN,STL"
Dameyune Craig,2000,2001,26-27,6,0,0,QB,CAR
Malik Cunningham,2023,2023,25,2,0,0,QB,"BAL,NWE"
B.J. Daniels,2015,2015,27,8,0,0,QB,"HOU,SEA"
Rohan Davey,2002,2004,24-26,7,0,0,QB,NWE
Dominique Davis,2013,2013,24,1,0,0,QB,ATL
Ty Detmer,1999,2003,32-36,10,6,0,QB,"CLE,DET"
Jacob Eason,2021,2022,24-25,2,0,0,QB,"CAR,IND"
Feleipe Franks,2021,2022,24-25,20,1,0,QB,ATL
John Friesz,1999,2000,32-33,2,0,0,QB,NWE
Pete Gonzalez,1999,1999,25,1,0,0,QB,PIT
Chris Greisen,1999,2000,23-24,5,0,0,QB,ARI
Ryan Griffin,2019,2019,30,2,0,0,QB,TAM
Matt Gutierrez,2007,2009,23-25,6,0,0,QB,"KAN,NWE"
Gibran Hamdan,2003,2003,22,1,0,0,QB,WAS
Joe Hamilton,2000,2000,23,1,0,0,QB,TAM
Graham Harrell,2012,2012,27,4,0,0,QB,GNB
Mark Hartsell,2000,2000,27,1,0,0,QB,CHI
Drew Henson,2004,2008,24-28,9,1,0,QB,"DAL,DET"
Devlin Hodges,2019,2019,23,8,6,0,QB,PIT
Bobby Hoying,1999,2000,27-28,6,0,0,QB,OAK
Todd Husak,2000,2000,22,1,0,0,QB,WAS
Jarious Jackson,2000,2003,23-26,5,1,0,QB,DEN
Cardale Jones,2016,2016,24,1,0,0,QB,BUF
Paul Justin,1999,1999,31,10,0,0,QB,STL
Mike Kafka,2011,2011,24,4,0,0,QB,PHI
Chad Kelly,2018,2018,24,1,0,0,QB,DEN
Kliff Kingsbury,2005,2005,26,1,0,0,QB,NYJ
Kyle Lauletta,2018,2018,23,2,0,0,QB,NYG
Jared Lorenzen,2006,2007,25-26,4,0,0,QB,NYG
Matt Lytle,2000,2001,25-26,5,1,0,QB,"CAR,SEA"
Ingle Martin,2006,2006,24,1,0,0,QB,GNB
Tee Martin,2001,2003,23-25,3,0,0,QB,"OAK,PIT"
Reggie McNeal,2006,2006,23,7,0,0,QB,CIN
Kellen Mond,2021,2021,22,1,0,0,QB,MIN
Tyler Murphy,2015,2015,23,2,0,0,QB,PIT
Ryan Nassib,2014,2015,24-25,5,0,0,QB,NYG
John Navarre,2004,2005,24-25,2,1,0,QB,ARI
Kevin O'Connell,2008,2008,23,2,0,0,QB,NWE
Jordan Palmer,2008,2014,24-30,5,0,0,QB,"CIN,TEN"
Tony Pike,2010,2010,24,1,0,0,QB,CAR
De'Andre Presley,2012,2014,22-24,8,0,0,QB,"CAR,MIA"
Sean Renfree,2015,2015,25,2,0,0,QB,ATL
Jake Rudock,2017,2017,24,3,0,0,QB,DET
Mark Rypien,2001,2001,39,4,0,0,QB,IND
Cory Sauter,2002,2002,28,1,0,0,QB,CHI
Connor Shaw,2014,2014,23,1,1,0,QB,CLE
Brian St. Pierre,2004,2010,25-31,3,1,0,QB,"ARI,CAR,PIT"
Tommy Stevens,2020,2020,24,1,0,0,QB,CAR
Chris Streveler,2020,2022,25-27,9,1,0,QB,"ARI,NYJ"
Alex Tanney,2015,2019,28-32,2,0,0,QB,"NYG,TEN"
Kevin Thompson,2000,2000,23,1,0,0,QB,CLE
Logan Thomas,2014,2014,23,2,0,0,QB,ARI
Kyle Trask,2022,2024,24-26,4,0,0,QB,TAM
Clayton Tune,2023,2024,24-25,11,1,0,QB,ARI
Bradlee Van Pelt,2005,2005,25,3,0,0,QB,DEN
Steve Walsh,1999,1999,33,16,0,0,QB,IND
Casey Weldon,1999,1999,30,2,0,0,QB,WAS
Logan Woodside,2020,2023,25-28,13,0,0,QB,"ATL,TEN"
Tory Woodbury,2001,2002,23-24,12,0,0,QB,NYJ
Scott Zolak,1999,1999,32,1,0,0,QB,MIA
Ryan Lindley,2012,2015,23-26,10,6,-4,QB,"ARI,IND"
Jayden Daniels,2024,2024,24,11,11,,QB,WAS
Jake Haener,2024,2024,25,5,0,,QB,NOR
Hendon Hooker,2024,2024,26,2,0,,QB,DET
