Rk,Player,W,Draft Team,Round,Pick,Draft Year,College,From,To,Age,G,GS,Cmp,Att,Inc,Cmp%,Yds,TD,Int,Pick6,TD%,Int%,Rate,Sk,Yds,Sk%,Y/A,AY/A,ANY/A,Y/C,Y/G,Succ%,W,L,T,4QC,GWD,Pos,Team
1,Tom Brady,251,NWE,6,199,2000,Michigan,2000,2022,23-45,335,333,7753,12050,4297,64.3,89214,649,212,18,5.4,1.8,97.2,565,3576,4.48,7.4,7.69,7.06,11.5,266.3,49.6,251,82,0,46,58,QB,"NWE,TAM"
2,Drew Brees,172,SDG,2,32,2001,Purdue,2001,2020,22-41,287,286,7142,10551,3409,67.7,80358,571,243,27,5.4,2.3,98.7,420,2991,3.83,7.6,7.66,7.1,11.3,280,51.2,172,114,0,36,53,QB,"NOR,SDG"
3,Ben Roethlisberger,165,PIT,1,11,2004,Miami (OH),2004,2021,22-39,249,247,5440,8443,3003,64.4,64088,418,211,18,5,2.5,93.5,554,3677,6.16,7.6,7.46,6.59,11.8,257.4,48.2,165,81,1,41,53,QB,PIT
4,Aaron Rodgers,150,GNB,1,24,2005,California,2005,2024,22-41,238,231,5159,7917,2758,65.2,60718,485,112,5,6.1,1.4,102.9,548,3733,6.47,7.7,8.26,7.28,11.8,255.1,48.3,150,80,1,21,32,QB,"GNB,NYJ"
5,Philip Rivers,134,NYG,1,4,2004,NC State,2004,2020,23-39,244,240,5277,8134,2857,64.9,63440,421,209,25,5.2,2.6,95.2,464,2832,5.4,7.8,7.68,6.93,12,260,49,134,106,0,29,35,QB,"IND,LAC,SDG"
6,Matt Ryan,124,ATL,1,3,2008,Boston College,2008,2022,23-37,234,234,5551,8464,2913,65.6,62792,381,183,20,4.5,2.2,93.6,488,3264,5.45,7.4,7.35,6.58,11.3,268.3,48.3,124,109,1,38,46,QB,"ATL,IND"
7,Eli Manning,117,SDG,1,1,2004,Ole Miss,2004,2019,23-38,236,234,4895,8119,3224,60.3,57023,366,244,22,4.5,3,84.1,411,2870,4.82,7,6.57,5.92,11.6,241.6,45.2,117,117,0,27,37,QB,NYG
8,Russell Wilson,116,SEA,3,75,2012,Wisconsin,2012,2024,24-36,189,189,3684,5694,2010,64.7,43917,336,106,7,5.9,1.9,100,528,3468,8.49,7.7,8.06,6.81,11.9,232.4,45.6,116,72,1,31,39,QB,"DEN,PIT,SEA"
9,Joe Flacco,104,BAL,1,18,2008,Delaware,2008,2024,23-39,191,187,4075,6611,2536,61.6,44652,252,156,13,3.8,2.4,84.5,392,2808,5.6,6.8,6.45,5.69,11,233.8,43.2,104,83,0,21,27,QB,"BAL,CLE,DEN,IND,NYJ"
10,Matthew Stafford,101,DET,1,1,2009,Georgia,2009,2024,21-36,213,213,4991,7881,2890,63.3,57718,364,185,30,4.6,2.3,91,491,3267,5.86,7.3,7.19,6.38,11.6,271,47.4,101,111,1,36,45,QB,"DET,LAR"
11,Alex Smith,99,SFO,1,1,2005,Utah,2005,2020,21-36,174,167,3250,5193,1943,62.6,35650,199,109,8,3.8,2.1,86.9,432,2463,7.68,6.9,6.69,5.74,11,204.9,42.5,99,67,1,19,23,QB,"KAN,SFO,WAS"
12,Carson Palmer,92,CIN,1,1,2003,Southern California,2004,2017,25-38,182,181,3941,6307,2366,62.5,46247,294,187,22,4.7,3,87.9,340,2364,5.12,7.3,6.93,6.22,11.7,254.1,47.4,92,88,1,22,35,QB,"ARI,CIN,OAK"
13,Andy Dalton,84,CIN,2,35,2011,TCU,2011,2024,24-37,175,168,3514,5614,2100,62.6,39500,253,150,19,4.5,2.7,87.5,355,2318,5.95,7,6.73,5.95,11.2,225.7,45.2,84,82,2,25,29,QB,"CAR,CHI,CIN,DAL,NOR"
14,Ryan Tannehill,81,MIA,1,8,2012,Texas A&M,2012,2023,24-35,155,151,3063,4764,1701,64.3,34881,216,115,10,4.5,2.4,91.2,415,3065,8.01,7.3,7.14,5.98,11.4,225,45.4,81,70,0,26,27,QB,"MIA,TEN"
15,Kirk Cousins,80,WAS,4,102,2012,Michigan State,2012,2024,24-36,157,152,3627,5419,1792,66.9,41301,280,117,14,5.2,2.2,97.8,317,2309,5.53,7.6,7.68,6.86,11.4,263.1,48.3,80,70,2,25,31,QB,"ATL,MIN,WAS"
16,Patrick Mahomes,80,KAN,1,10,2017,Texas Tech,2017,2024,22-29,102,102,2513,3777,1264,66.5,29813,225,71,4,6,1.9,102.4,159,1040,4.04,7.9,8.24,7.64,11.9,292.3,52.5,80,22,0,15,18,QB,KAN
17,Dak Prescott,76,DAL,4,135,2016,Mississippi State,2016,2024,23-31,120,120,2737,4097,1360,66.8,31061,210,80,9,5.1,2,98.3,251,1515,5.77,7.6,7.73,6.93,11.3,258.8,49.8,76,44,0,15,23,QB,DAL
18,Cam Newton,75,CAR,1,1,2011,Auburn,2011,2021,22-32,148,144,2682,4474,1792,59.9,32382,194,123,12,4.3,2.7,85.2,332,2477,6.91,7.2,6.87,5.88,12.1,218.8,44.6,75,68,1,16,20,QB,"CAR,NWE"
19,Derek Carr,74,OAK,2,36,2014,Fresno State,2014,2024,23-33,164,164,3666,5634,1968,65.1,40089,250,111,17,4.4,2,92.5,300,1868,5.06,7.1,7.12,6.44,10.9,244.4,46.4,74,90,0,28,34,QB,"LVR,NOR,OAK"
20,Jay Cutler,74,DEN,1,11,2006,Vanderbilt,2006,2017,23-34,153,153,3048,4920,1872,62,35133,227,160,19,4.6,3.3,85.3,322,2035,6.14,7.1,6.6,5.81,11.5,229.6,45,74,79,0,23,28,QB,"CHI,DEN,MIA"
21,Jared Goff,71,LAR,1,1,2016,California,2016,2024,22-30,123,123,2785,4281,1496,65.1,32039,195,86,9,4.6,2,94.3,230,1687,5.1,7.5,7.49,6.74,11.5,260.5,48.4,71,51,1,15,18,QB,"DET,LAR"
22,Josh Allen,68,BUF,1,7,2018,Wyoming,2018,2024,22-28,101,100,2108,3334,1226,63.2,24186,179,78,2,5.4,2.3,93.1,184,1142,5.23,7.3,7.28,6.57,11.5,239.5,48.8,68,32,0,13,20,QB,BUF
23,Lamar Jackson,63,BAL,1,32,2018,Louisville,2018,2024,21-27,93,84,1497,2310,813,64.8,17697,140,47,3,6.1,2,99.7,178,916,7.15,7.7,7.96,7.02,11.8,190.3,47.5,63,21,0,9,11,QB,BAL
24,Michael Vick,61,ATL,1,1,2001,Virginia Tech,2001,2015,21-35,143,115,1807,3217,1410,56.2,22464,133,88,6,4.1,2.7,80.4,316,1879,8.94,7,6.58,5.46,12.4,157.1,40.5,61,51,1,14,15,QB,"ATL,NYJ,PHI,PIT"
25,Ryan Fitzpatrick,59,STL,7,250,2005,Harvard,2005,2021,23-39,166,147,3072,5060,1988,60.7,34990,223,169,13,4.4,3.3,82.3,300,1576,5.6,6.9,6.29,5.65,11.4,210.8,43.9,59,87,1,13,18,QB,"BUF,CIN,HOU,MIA,NYJ,STL,TAM,TEN,WAS"
26,Andrew Luck,53,IND,1,1,2012,Stanford,2012,2018,23-29,86,86,2000,3290,1290,60.8,23671,171,83,10,5.2,2.5,89.5,174,1124,5.02,7.2,7.1,6.42,11.8,275.2,47,53,33,0,16,20,QB,IND
27,Matt Schaub,47,ATL,3,90,2004,Virginia,2004,2020,23-39,155,93,2148,3348,1200,64.2,25467,136,91,14,4.1,2.7,89.5,180,1245,5.1,7.6,7.2,6.48,11.9,164.3,48.1,47,46,0,11,14,QB,"ATL,BAL,HOU,OAK"
28,Carson Wentz,47,PHI,1,2,2016,North Dakota State,2016,2024,24-32,96,93,2073,3308,1235,62.7,22292,153,67,3,4.6,2,89.4,239,1533,6.74,6.7,6.75,5.87,10.8,232.2,45.2,47,45,1,12,13,QB,"IND,KAN,LAR,PHI,WAS"
29,Baker Mayfield,44,CLE,1,1,2018,Oklahoma,2018,2024,23-29,96,93,1915,3059,1144,62.6,22191,148,81,5,4.8,2.6,89.6,230,1459,6.99,7.3,7.03,6.1,11.6,231.2,45.2,44,49,0,8,10,QB,"CAR,CLE,LAR,TAM"
30,Chad Pennington,44,NYJ,1,18,2000,Marshall,2000,2010,24-34,89,81,1632,2471,839,66,17823,102,64,6,4.1,2.6,90.1,162,965,6.15,7.2,6.87,6.08,10.9,200.3,48.1,44,37,0,7,10,QB,"MIA,NYJ"
31,Jimmy Garoppolo,43,NWE,2,62,2014,Eastern Illinois,2014,2023,23-32,81,63,1277,1895,618,67.4,15494,94,51,2,5,2.7,97.6,137,921,6.74,8.2,7.96,6.97,12.1,191.3,49.9,43,20,0,13,13,QB,"LVR,NWE,SFO"
32,Kyle Orton,42,CHI,4,106,2005,Purdue,2005,2014,23-32,87,82,1613,2712,1099,59.5,18037,101,69,7,3.7,2.5,81.2,165,1016,5.74,6.7,6.25,5.54,11.2,207.3,43,42,40,0,8,9,QB,"BUF,CHI,DAL,DEN,KAN"
33,Marc Bulger,41,NOR,6,168,2000,West Virginia,2002,2009,25-32,96,95,1969,3171,1202,62.1,22814,122,93,10,3.8,2.9,84.4,254,1863,7.42,7.2,6.64,5.61,11.6,237.6,45.3,41,54,0,12,16,QB,STL
34,David Garrard,39,JAX,4,108,2002,East Carolina,2002,2010,24-32,86,76,1406,2281,875,61.6,16003,89,54,4,3.9,2.4,85.8,179,1115,7.28,7,6.73,5.79,11.4,186.1,45.6,39,37,0,10,17,QB,JAX
35,Jalen Hurts,38,PHI,2,53,2020,Oklahoma,2020,2024,22-26,68,57,1116,1749,633,63.8,13072,74,38,4,4.2,2.2,91.4,131,789,6.97,7.5,7.34,6.41,11.7,192.2,45.1,38,19,0,7,10,QB,PHI
36,Mark Sanchez,37,NYJ,1,5,2009,Southern California,2009,2018,23-32,79,73,1314,2320,1006,56.6,15357,86,89,9,3.7,3.8,73.2,168,1090,6.75,6.6,5.63,4.82,11.7,194.4,41.6,37,36,0,8,10,QB,"DAL,NYJ,PHI,WAS"
37,Deshaun Watson,37,HOU,1,12,2017,Clemson,2017,2024,22-29,73,72,1527,2305,778,66.2,17904,123,48,4,5.3,2.1,98.8,244,1432,9.57,7.8,7.9,6.58,11.7,245.3,46.7,37,35,0,9,11,QB,"CLE,HOU"
38,Matt Cassel,36,NWE,7,230,2005,Southern California,2005,2018,23-36,107,81,1578,2683,1105,58.8,17508,104,82,10,3.9,3.1,78.5,210,1157,7.26,6.5,5.93,5.1,11.1,163.6,41.5,36,45,0,9,12,QB,"BUF,DAL,DET,KAN,MIN,NWE,TEN"
39,Sam Bradford,34,STL,1,1,2010,Oklahoma,2010,2018,23-31,83,83,1855,2967,1112,62.5,19449,103,61,8,3.5,2.1,84.5,196,1371,6.2,6.6,6.32,5.5,10.5,234.3,43.8,34,48,1,7,8,QB,"ARI,MIN,PHI,STL"
40,Marcus Mariota,34,TEN,1,2,2015,Oregon,2015,2024,22-31,92,74,1346,2144,798,62.8,16023,95,55,6,4.4,2.6,89.6,187,1202,8.02,7.5,7.21,6.11,11.9,174.2,44.6,34,40,0,11,14,QB,"ATL,LVR,PHI,TEN,WAS"
41,Geno Smith,34,NYJ,2,39,2013,West Virginia,2013,2024,23-34,84,73,1505,2356,851,63.9,16808,92,63,9,3.9,2.7,86.9,192,1379,7.54,7.1,6.71,5.66,11.2,200.1,45.1,34,39,0,10,16,QB,"LAC,NYG,NYJ,SEA"
42,Jameis Winston,34,TAM,1,1,2015,Florida State,2015,2024,21-30,98,80,1769,2894,1125,61.1,22187,142,99,12,4.9,3.4,87.1,196,1244,6.34,7.7,7.11,6.26,12.5,226.4,47.2,34,46,0,8,13,QB,"CLE,NOR,TAM"
43,Teddy Bridgewater,33,MIN,1,32,2014,Louisville,2014,2023,22-31,79,65,1372,2067,695,66.4,15120,75,47,2,3.6,2.3,90.5,166,1114,7.43,7.3,7.02,6,11,191.4,44.6,33,32,0,5,7,QB,"CAR,DEN,DET,MIA,MIN,NOR"
44,Justin Herbert,33,LAC,1,6,2020,Oregon,2020,2024,22-26,68,68,1720,2586,866,66.5,18387,120,43,4,4.6,1.7,95.7,142,929,5.21,7.1,7.29,6.57,10.7,270.4,47.6,33,35,0,11,14,QB,LAC
45,Tua Tagovailoa,33,MIA,1,5,2020,Alabama,2020,2024,22-26,55,53,1136,1700,564,66.8,13122,83,40,5,4.9,2.4,96.4,94,647,5.24,7.7,7.64,6.88,11.6,238.6,49.7,33,20,0,7,9,QB,MIA
46,Joe Burrow,32,CIN,1,1,2020,Louisiana State,2020,2024,24-28,59,59,1447,2121,674,68.2,15842,111,39,4,5.2,1.8,99.8,166,1137,7.26,7.5,7.69,6.63,10.9,268.5,48.4,32,26,1,5,7,QB,CIN
47,Jason Campbell,32,WAS,1,25,2005,Auburn,2006,2014,24-32,90,79,1519,2518,999,60.3,16771,87,60,5,3.5,2.4,81.7,170,1096,6.32,6.7,6.28,5.47,11,186.3,43.3,32,47,0,7,10,QB,"CHI,CIN,CLE,OAK,WAS"
48,Kyler Murray,31,ARI,1,1,2019,Oklahoma,2019,2024,22-27,72,72,1622,2435,813,66.6,16978,103,49,7,4.2,2,92.4,160,1146,6.17,7,6.91,6.05,10.5,235.8,46.7,31,40,1,10,12,QB,ARI
49,Mitchell Trubisky,31,CHI,1,2,2017,North Carolina,2017,2024,23-30,73,57,1202,1875,673,64.1,12541,72,48,0,3.8,2.6,85.5,129,808,6.44,6.7,6.3,5.5,10.4,171.8,45.4,31,26,0,5,8,QB,"BUF,CHI,PIT"
50,Vince Young,31,TEN,1,3,2006,Texas,2006,2011,23-28,60,50,755,1304,549,57.9,8964,46,51,3,3.5,3.9,74.4,83,449,5.98,6.9,5.82,5.15,11.9,149.4,41.8,31,19,0,7,13,QB,"PHI,TEN"
51,Nick Foles,29,PHI,3,88,2012,Arizona,2012,2022,23-33,71,58,1302,2087,785,62.4,14227,82,47,5,3.9,2.3,86.2,127,875,5.74,6.8,6.59,5.82,10.9,200.4,41.1,29,29,0,11,13,QB,"CHI,IND,JAX,KAN,PHI,STL"
52,Colin Kaepernick,28,SFO,2,36,2011,Nevada,2011,2016,24-29,69,58,1011,1692,681,59.8,12271,72,30,3,4.3,1.8,88.9,171,1060,9.18,7.3,7.31,6.07,12.1,177.8,42.4,28,30,0,7,7,QB,SFO
53,Tyrod Taylor,28,BAL,6,180,2011,Virginia Tech,2011,2024,22-35,93,58,1074,1738,664,61.8,12171,66,29,2,3.8,1.7,88.5,177,1006,9.24,7,7.01,5.84,11.3,130.9,42.2,28,28,1,5,6,QB,"BAL,BUF,CLE,HOU,LAC,NYG,NYJ"
54,Sam Darnold,26,NYJ,1,3,2018,Southern California,2018,2024,21-27,73,63,1209,2000,791,60.5,13674,77,61,5,3.9,3.1,81.1,170,1110,7.83,6.8,6.23,5.23,11.3,187.3,42.1,26,37,0,3,5,QB,"CAR,MIN,NYJ,SFO"
55,Joey Harrington,26,DET,1,3,2002,Oregon,2002,2007,24-29,81,76,1424,2538,1114,56.1,14693,79,85,14,3.1,3.3,69.4,124,770,4.66,5.8,4.9,4.39,10.3,181.4,39.3,26,50,0,6,7,QB,"ATL,DET,MIA"
56,Josh Freeman,25,TAM,1,17,2009,Kansas State,2009,2015,21-27,62,61,1179,2048,869,57.6,13873,81,68,6,4,3.3,77.6,112,690,5.19,6.8,6.07,5.44,11.8,223.8,42.3,25,36,0,9,10,QB,"IND,MIN,TAM"
57,Rex Grossman,25,CHI,1,22,2003,Florida,2003,2011,23-31,54,47,863,1562,699,55.2,10232,56,60,5,3.6,3.8,71.4,92,698,5.56,6.6,5.54,4.81,11.9,189.5,41.1,25,22,0,6,9,QB,"CHI,HOU,WAS"
58,Blake Bortles,24,JAX,1,3,2014,UCF,2014,2019,22-27,78,73,1562,2634,1072,59.3,17649,103,75,13,3.9,2.8,80.6,195,1158,6.89,6.7,6.2,5.36,11.3,226.3,43.2,24,49,0,6,8,QB,"JAX,LAR"
59,Daniel Jones,24,NYG,1,6,2019,Duke,2019,2024,22-27,67,66,1371,2140,769,64.1,13954,68,44,3,3.2,2.1,84.7,200,1269,8.55,6.5,6.23,5.16,10.2,208.3,42.8,24,41,1,7,9,QB,NYG
60,Byron Leftwich,24,JAX,1,7,2003,Marshall,2003,2012,23-32,60,50,930,1605,675,57.9,10532,58,42,3,3.6,2.6,78.9,92,452,5.42,6.6,6.11,5.51,11.3,175.5,41.8,24,26,0,7,10,QB,"ATL,JAX,PIT,TAM"
61,David Carr,23,HOU,1,1,2002,Fresno State,2002,2012,23-33,94,79,1353,2267,914,59.7,14452,65,71,7,2.9,3.1,74.9,267,1564,10.54,6.4,5.54,4.34,10.7,153.7,41.2,23,56,0,7,11,QB,"CAR,HOU,NYG,SFO"
62,Josh McCown,23,ARI,3,81,2002,Sam Houston State,2002,2019,23-40,102,76,1584,2633,1049,60.2,17731,98,82,5,3.7,3.1,79.7,235,1563,8.19,6.7,6.08,5.03,11.2,173.8,42.6,23,53,0,6,7,QB,"ARI,CAR,CHI,CLE,DET,NYJ,OAK,PHI,TAM"
63,Trevor Lawrence,22,JAX,1,1,2021,Clemson,2021,2024,22-25,57,57,1247,1961,714,63.6,13297,67,42,1,3.4,2.1,85.8,109,763,5.27,6.8,6.5,5.79,10.7,233.3,46.4,22,35,0,5,7,QB,JAX
64,Derek Anderson,20,BAL,6,213,2005,Oregon State,2006,2018,23-35,78,49,909,1674,765,54.3,10878,60,64,9,3.6,3.8,70.4,81,563,4.62,6.5,5.49,4.92,12,139.5,42.3,20,29,0,5,7,QB,"ARI,BUF,CAR,CLE"
65,Kyle Boller,20,BAL,1,19,2003,California,2003,2011,22-30,67,47,861,1519,658,56.7,8931,48,54,6,3.2,3.6,69.5,123,802,7.49,5.9,4.91,4.06,10.4,133.3,38.3,20,27,0,4,6,QB,"BAL,OAK,STL"
66,Brock Purdy,20,SFO,7,262,2022,Iowa State,2022,2024,23-25,32,28,560,830,270,67.5,7495,53,22,1,6.4,2.7,106.2,52,293,5.9,9,9.11,8.24,13.4,234.2,52.8,20,8,0,1,1,QB,SFO
67,Jacoby Brissett,19,NWE,3,91,2016,NC State,2016,2024,24-32,84,53,1060,1735,675,61.1,11270,53,24,4,3.1,1.4,84.5,147,925,7.81,6.5,6.48,5.49,10.6,134.2,42.3,19,34,0,4,5,QB,"CLE,IND,MIA,NWE,WAS"
68,Quincy Carter,18,DAL,2,53,2001,Georgia,2001,2004,24-27,38,34,542,960,418,56.5,6337,32,37,3,3.3,3.9,71.7,80,441,7.69,6.6,5.53,4.68,11.7,166.8,38.4,18,16,0,5,7,QB,"DAL,NYJ"
69,Chad Henne,18,MIA,2,57,2008,Michigan,2008,2022,23-37,78,54,1200,2015,815,59.6,13290,60,63,7,3,3.1,76.1,151,942,6.97,6.6,5.78,4.95,11.1,170.4,42.8,18,36,0,4,5,QB,"JAX,KAN,MIA"
70,Mac Jones,18,NWE,1,15,2021,Alabama,2021,2024,23-26,44,42,870,1317,447,66.1,8946,46,36,6,3.5,2.7,85.7,86,626,6.13,6.8,6.26,5.43,10.3,203.3,44.8,18,24,0,2,2,QB,"JAX,NWE"
71,Tarvaris Jackson,17,MIN,2,64,2006,Alabama State,2006,2015,23-32,59,34,640,1073,433,59.6,7263,39,35,3,3.6,3.3,78.5,90,546,7.74,6.8,6.03,5.09,11.3,123.1,41.8,17,17,0,3,4,QB,"MIN,SEA"
72,Gardner Minshew II,17,JAX,6,178,2019,Washington State,2019,2024,23-28,55,42,1005,1597,592,62.9,11105,63,32,2,3.9,2,88.3,122,694,7.1,7,6.84,5.95,11,201.9,43.1,17,25,0,7,7,QB,"IND,JAX,LVR,PHI"
73,Robert Griffin III,16,WAS,1,2,2012,Baylor,2012,2020,22-30,56,42,799,1268,469,63,9271,43,30,3,3.4,2.4,86.5,131,895,9.36,7.3,6.93,5.64,11.6,165.6,43.1,16,26,0,4,5,QB,"BAL,CLE,WAS"
74,Brock Osweiler,15,DEN,2,57,2012,Arizona State,2012,2018,22-28,49,30,697,1165,468,59.8,7418,37,31,0,3.2,2.7,78,79,559,6.35,6.4,5.81,4.99,10.6,151.4,42.7,15,15,0,5,5,QB,"DEN,HOU,MIA"
75,Trevor Siemian,15,DEN,7,250,2015,Northwestern,2015,2023,24-32,40,33,707,1208,501,58.5,7751,44,32,5,3.6,2.6,78.7,85,542,6.57,6.4,5.95,5.14,11,193.8,40.9,15,18,0,5,4,QB,"CHI,DEN,NOR,NYJ"
76,Trent Edwards,14,BUF,3,92,2007,Stanford,2007,2012,24-29,38,33,563,929,366,60.6,6033,26,30,6,2.8,3.2,75.5,69,482,6.91,6.5,5.6,4.73,10.7,158.8,41.9,14,19,0,4,5,QB,"BUF,JAX,PHI"
77,Justin Fields,14,CHI,1,11,2021,Ohio State,2021,2024,22-25,46,44,684,1118,434,61.2,7780,45,31,4,4,2.8,83.9,151,1032,11.9,7,6.52,4.93,11.4,169.1,38.5,14,30,0,2,4,QB,"CHI,PIT"
78,Blaine Gabbert,14,JAX,1,10,2011,Missouri,2011,2023,22-34,69,49,882,1568,686,56.3,9487,51,50,7,3.3,3.2,71.7,141,942,8.25,6.1,5.27,4.28,10.8,137.5,36.3,14,35,0,8,8,QB,"ARI,JAX,KAN,SFO,TAM,TEN"
79,Kenny Pickett,14,PIT,1,20,2022,Pittsburgh,2022,2024,24-26,26,24,446,714,268,62.5,4474,13,13,0,1.8,1.8,78.7,51,363,6.67,6.3,5.81,4.95,10,172.1,42.2,14,10,0,6,7,QB,"PHI,PIT"
80,Christian Ponder,14,MIN,1,12,2011,Florida State,2011,2014,23-26,38,36,632,1057,425,59.8,6658,38,36,7,3.6,3.4,75.9,95,501,8.25,6.3,5.49,4.6,10.5,175.2,41.1,14,21,1,2,3,QB,MIN
81,C.J. Stroud,14,HOU,1,2,2023,Ohio State,2023,2024,22-23,22,22,471,728,257,64.7,5771,33,9,0,4.5,1.2,99,58,486,7.38,7.9,8.28,7.05,12.3,262.3,45.7,14,8,0,2,5,QB,HOU
82,Jordan Love,12,GNB,1,26,2020,Utah State,2021,2024,23-26,32,23,532,841,309,63.3,6116,50,22,1,5.9,2.6,94,40,327,4.54,7.3,7.28,6.58,11.5,191.1,46.8,12,11,0,3,4,QB,GNB
83,Zach Wilson,12,NYJ,1,2,2021,Brigham Young,2021,2023,22-24,34,33,566,993,427,57,6293,23,25,0,2.3,2.5,73.2,113,885,10.22,6.3,5.67,4.29,11.1,185.1,37,12,21,0,5,5,QB,NYJ
84,Colt McCoy,11,CLE,3,85,2010,Texas,2010,2022,24-36,56,36,764,1220,456,62.6,7975,34,32,1,2.8,2.6,79.9,113,701,8.48,6.5,5.91,4.89,10.4,142.4,42.2,11,25,0,2,5,QB,"ARI,CLE,NYG,SFO,WAS"
85,Drew Stanton,11,DET,2,43,2007,Michigan State,2008,2017,24-33,38,17,345,659,314,52.4,4059,20,24,0,3,3.6,66.3,38,226,5.45,6.2,5.13,4.52,11.8,106.8,38,11,6,0,4,4,QB,"ARI,DET"
86,J.P. Losman,10,BUF,1,22,2004,Tulane,2004,2011,23-30,45,33,564,952,388,59.2,6271,33,34,3,3.5,3.6,75.6,108,789,10.19,6.6,5.67,4.35,11.1,139.4,40.1,10,23,0,3,6,QB,"BUF,MIA,OAK"
87,Patrick Ramsey,10,WAS,1,32,2002,Tulane,2002,2008,23-29,37,24,511,913,402,56,5930,35,30,4,3.8,3.3,74.9,79,520,7.96,6.5,5.78,4.8,11.6,160.3,40.6,10,14,0,0,2,QB,"DEN,NYJ,WAS"
88,Kevin Kolb,9,PHI,2,36,2007,Houston,2007,2012,23-28,34,21,449,755,306,59.5,5206,28,25,4,3.7,3.3,78.9,77,517,9.25,6.9,6.15,4.96,11.6,153.1,41.3,9,12,0,4,3,QB,"ARI,PHI"
89,Drew Lock,9,DEN,2,42,2019,Missouri,2019,2024,23-28,30,23,472,794,322,59.4,5289,28,23,1,3.5,2.9,79.1,40,233,4.8,6.7,6.06,5.49,11.2,176.3,40.6,9,14,0,3,4,QB,"DEN,NYG,SEA"
90,Jake Locker,9,TEN,1,8,2011,Washington,2011,2014,23-26,30,23,408,709,301,57.5,4967,27,22,1,3.8,3.1,79,60,378,7.8,7,6.37,5.38,12.2,165.6,39.7,9,14,0,1,3,QB,TEN
91,Kellen Clemens,8,NYJ,2,49,2006,Oregon,2006,2017,23-34,64,21,350,638,288,54.9,4053,16,21,5,2.5,3.3,68.9,66,401,9.38,6.4,5.37,4.3,11.6,63.3,38.9,8,13,0,1,2,QB,"LAC,NYJ,SDG,STL"
92,A.J. Feeley,8,PHI,5,155,2001,Oregon,2001,2011,24-34,28,18,425,762,337,55.8,4618,28,31,6,3.7,4.1,69.1,44,276,5.46,6.1,4.96,4.35,10.9,164.9,39.8,8,10,0,3,5,QB,"MIA,PHI,STL"
93,Matt Leinart,8,ARI,1,10,2006,Southern California,2006,2012,23-29,33,18,366,641,275,57.1,4065,15,21,1,2.3,3.3,70.2,30,221,4.47,6.3,5.34,4.77,11.1,123.2,41.9,8,10,0,2,2,QB,"ARI,HOU,OAK"
94,Desmond Ridder,8,ATL,3,74,2022,Cincinnati,2022,2023,23-24,19,17,322,503,181,64,3544,14,12,1,2.8,2.4,84.1,40,230,7.37,7,6.53,5.62,11,186.5,44.9,8,9,0,3,5,QB,ATL
95,Mason Rudolph,8,PIT,3,76,2018,Oklahoma State,2019,2024,24-29,23,14,325,515,190,63.1,3385,20,12,0,3.9,2.3,85.3,26,198,4.81,6.6,6.3,5.63,10.4,147.2,41.6,8,5,1,2,2,QB,"PIT,TEN"
96,John Skelton,8,ARI,5,155,2010,Fordham,2010,2012,22-24,20,17,320,602,282,53.2,3707,15,25,3,2.5,4.2,63,47,325,7.24,6.2,4.79,3.94,11.6,185.4,38.4,8,9,0,6,7,QB,ARI
97,Tim Tebow,8,DEN,1,25,2010,Florida,2010,2012,23-25,35,16,173,361,188,47.9,2422,17,9,2,4.7,2.5,75.3,41,258,10.2,6.7,6.53,5.22,14,69.2,35.3,8,6,0,6,6,QB,"DEN,NYJ"
98,Charlie Frye,7,CLE,3,67,2005,Akron,2005,2009,24-28,26,23,419,677,258,61.9,4154,17,29,1,2.5,4.3,69.7,79,487,10.45,6.1,4.71,3.57,9.9,159.8,41,7,16,0,1,1,QB,"CLE,OAK,SEA"
99,JaMarcus Russell,7,OAK,1,1,2007,Louisiana State,2007,2009,22-24,31,25,354,680,326,52.1,4083,18,23,0,2.6,3.4,65.2,70,457,9.33,6,5.01,3.93,11.5,131.7,34.3,7,18,0,3,4,QB,OAK
100,Chris Simms,7,TAM,3,97,2003,Texas,2004,2009,24-29,23,16,297,511,214,58.1,3117,12,18,2,2.3,3.5,69.1,49,361,8.75,6.1,4.98,3.9,10.5,135.5,41.6,7,9,0,3,3,QB,"DEN,TAM,TEN"
101,Mike Glennon,6,TAM,3,73,2013,NC State,2013,2021,24-32,40,31,689,1147,458,60.1,7025,47,35,3,4.1,3.1,78.6,83,612,6.75,6.1,5.57,4.7,10.2,175.6,40.2,6,25,0,3,4,QB,"ARI,CHI,JAX,NYG,OAK,TAM"
102,Bruce Gradkowski,6,TAM,6,194,2006,Toledo,2006,2014,23-31,37,20,375,709,334,52.9,4057,21,24,1,3,3.4,65.8,53,333,6.96,5.7,4.79,4.02,10.8,109.6,36.2,6,14,0,6,7,QB,"CIN,CLE,OAK,PIT,TAM"
103,EJ Manuel,6,BUF,1,16,2013,Florida State,2013,2017,23-27,30,18,343,590,247,58.1,3767,20,16,2,3.4,2.7,77.1,47,297,7.38,6.4,5.84,4.95,11,125.6,41.6,6,12,0,1,3,QB,"BUF,OAK"
104,Sage Rosenfels,6,WAS,4,109,2001,Iowa State,2002,2010,24-32,44,12,351,562,211,62.5,4156,30,29,1,5.3,5.2,81.2,19,127,3.27,7.4,6.14,5.72,11.8,94.5,51.3,6,6,0,2,2,QB,"HOU,MIA,NYG"
105,Seneca Wallace,6,SEA,4,110,2003,Iowa State,2005,2013,25-33,64,22,468,788,320,59.4,4947,31,19,1,3.9,2.4,80.8,59,339,6.97,6.3,5.98,5.16,10.6,77.3,41.4,6,16,0,2,2,QB,"CLE,GNB,SEA"
106,Brandon Weeden,6,CLE,1,22,2012,Oklahoma State,2012,2018,29-35,35,25,559,965,406,57.9,6462,31,30,3,3.2,3.1,76,66,452,6.4,6.7,5.94,5.12,11.6,184.6,40,6,19,0,2,3,QB,"CLE,DAL,HOU"
107,Jayden Daniels,5,WAS,1,2,2024,Louisiana State,2024,2024,24,7,7,127,168,41,75.6,1410,6,2,0,3.6,1.2,107,15,78,8.2,8.4,8.57,7.44,11.1,201.4,49.7,5,2,0,1,1,QB,WAS
108,Sam Howell,5,WAS,5,144,2022,North Carolina,2022,2024,22-24,19,18,399,631,232,63.2,4115,22,22,4,3.5,3.5,79,68,460,9.73,6.5,5.65,4.44,10.3,216.6,42.2,5,13,0,2,2,QB,"SEA,WAS"
109,Davis Mills,5,HOU,3,67,2021,Stanford,2021,2024,23-26,36,26,580,925,345,62.7,6034,35,25,3,3.8,2.7,82.9,65,470,6.57,6.5,6.06,5.19,10.4,167.6,41.4,5,19,1,2,3,QB,HOU
110,Aidan O'Connell,5,LVR,4,135,2023,Purdue,2023,2024,25-26,15,12,265,425,160,62.4,2673,14,9,0,3.3,2.1,82.4,27,201,5.97,6.3,6,5.19,10.1,178.2,44.5,5,7,0,0,1,QB,LVR
111,Tim Rattay,5,SFO,7,212,2000,Louisiana Tech,2000,2007,23-30,40,18,432,714,282,60.5,4853,31,23,2,4.3,3.2,81.9,63,372,8.11,6.8,6.22,5.23,11.2,121.3,43.8,5,13,0,1,1,QB,"ARI,SFO,TAM"
112,Anthony Richardson,5,IND,1,4,2023,Florida,2023,2024,21-22,9,9,99,185,86,53.5,1360,6,7,0,3.2,3.8,72.4,11,59,5.61,7.4,6.3,5.64,13.7,151.1,39.3,5,4,0,0,1,QB,IND
113,Will Levis,4,TEN,2,33,2023,Kentucky,2023,2024,24-25,14,14,232,380,148,61.1,2507,13,11,3,3.4,2.9,79.8,43,286,10.17,6.6,5.98,4.7,10.8,179.1,37.4,4,10,0,1,1,QB,TEN
114,Bo Nix,4,DEN,1,12,2024,Oregon,2024,2024,24,7,7,137,224,87,61.2,1246,5,5,0,2.2,2.2,74.4,9,57,3.86,5.6,5,4.57,9.1,178,37.8,4,3,0,1,1,QB,DEN
115,Brady Quinn,4,CLE,1,22,2007,Notre Dame,2007,2012,23-28,24,20,296,550,254,53.8,3043,12,17,3,2.2,3.1,64.4,41,236,6.94,5.5,4.58,3.86,10.3,126.8,35,4,16,0,1,2,QB,"CLE,KAN"
116,Chris Redman,4,BAL,3,75,2000,Louisville,2000,2011,23-34,30,12,286,500,214,57.2,3179,21,14,5,4.2,2.8,78.6,34,198,6.37,6.4,5.94,5.19,11.1,106,41,4,8,0,2,2,QB,"ATL,BAL"
117,Troy Smith,4,BAL,5,174,2007,Ohio State,2007,2010,23-26,20,8,121,234,113,51.7,1734,8,5,0,3.4,2.1,78.5,23,142,8.95,7.4,7.13,5.94,14.3,86.7,38.5,4,4,0,2,2,QB,"BAL,SFO"
118,Caleb Williams,4,CHI,1,1,2024,Southern California,2024,2024,23,6,6,130,199,69,65.3,1317,9,5,0,4.5,2.5,88.7,20,137,9.13,6.6,6.39,5.18,10.1,219.5,44.7,4,2,0,1,0,QB,CHI
119,T.J. Yates,4,HOU,5,152,2011,North Carolina,2011,2017,24-30,22,10,179,324,145,55.2,2057,10,11,2,3.1,3.4,70.7,36,189,10,6.3,5.44,4.37,11.5,93.5,38.1,4,6,0,2,3,QB,"ATL,HOU,MIA"
120,Bailey Zappe,4,NWE,4,137,2022,Western Kentucky,2022,2023,23-24,14,8,192,304,112,63.2,2053,11,12,1,3.6,3.9,78.5,31,231,9.25,6.8,5.7,4.48,10.7,146.6,38.8,4,4,0,0,1,QB,NWE
121,C.J. Beathard,3,SFO,3,104,2017,Iowa,2017,2023,24-30,32,13,340,563,223,60.4,3886,19,14,1,3.4,2.5,82.1,53,400,8.6,6.9,6.46,5.25,11.4,121.4,42.2,3,10,0,0,0,QB,"JAX,SFO"
122,Joshua Dobbs,3,PIT,4,135,2017,Tennessee,2018,2023,23-28,21,14,312,502,190,62.2,2920,15,13,1,3,2.6,77.3,36,243,6.69,5.8,5.25,4.45,9.4,139,40.7,3,11,0,1,1,QB,"ARI,MIN,PIT,TEN"
123,Matt Flynn,3,GNB,7,209,2008,Louisiana State,2008,2014,23-29,51,7,219,357,138,61.3,2541,17,11,4,4.8,3.1,85.9,39,209,9.85,7.1,6.68,5.5,11.6,49.8,43.7,3,4,0,4,3,QB,"GNB,OAK,SEA"
124,Dwayne Haskins,3,WAS,1,15,2019,Ohio State,2019,2020,22-23,16,13,267,444,177,60.1,2804,12,14,1,2.7,3.2,74.4,49,345,9.94,6.3,5.44,4.2,10.5,175.3,38.3,3,10,0,2,2,QB,WAS
125,Brett Hundley,3,GNB,5,147,2015,UCLA,2016,2019,23-26,18,9,199,337,138,59.1,1902,9,13,0,2.7,3.9,67.6,31,208,8.42,5.6,4.44,3.5,9.6,105.7,38.9,3,6,0,2,2,QB,"ARI,GNB"
126,Landry Jones,3,PIT,4,115,2013,Oklahoma,2015,2017,26-28,18,5,108,169,61,63.9,1310,8,7,0,4.7,4.1,86.2,9,66,5.06,7.8,6.83,6.12,12.1,72.8,42.1,3,2,0,1,2,QB,PIT
127,Craig Krenzel,3,CHI,5,148,2004,Ohio State,2004,2004,23,6,5,59,127,68,46.5,718,3,6,0,2.4,4.7,52.5,23,158,15.33,5.7,4,2.33,12.2,119.7,25.3,3,2,0,1,1,QB,CHI
128,Ryan Mallett,3,NWE,3,74,2011,Arkansas,2012,2017,24-29,21,8,190,345,155,55.1,1835,9,10,0,2.6,2.9,66.8,7,37,1.99,5.3,4.54,4.34,9.7,87.4,41.5,3,5,0,0,0,QB,"BAL,HOU,NWE"
129,Mike McMahon,3,DET,5,149,2001,Rutgers,2001,2005,22-26,29,14,229,515,286,44.5,2867,15,21,5,2.9,4.1,55.1,55,338,9.65,5.6,4.31,3.31,12.5,98.9,31.8,3,11,0,3,3,QB,"DET,PHI"
130,Terrelle Pryor,3,OAK,3,1,2011,Ohio State,2011,2013,22-24,15,10,170,302,132,56.3,1953,9,12,1,3,4,69.3,31,203,9.31,6.5,5.27,4.17,11.5,130.2,39.3,3,7,0,0,0,QB,OAK
131,Josh Rosen,3,ARI,1,10,2018,UCLA,2018,2021,21-24,24,16,277,513,236,54,2864,12,21,5,2.3,4.1,61.1,61,413,10.63,5.6,4.21,3.04,10.3,119.3,35.7,3,13,0,1,2,QB,"ARI,ATL,MIA"
132,Malik Willis,3,TEN,3,86,2022,Liberty,2022,2024,23-25,14,5,60,100,40,60,674,2,3,0,2,3,74.3,18,95,15.25,6.7,5.79,4.1,11.2,48.1,32.2,3,2,0,0,0,QB,"GNB,TEN"
133,Brandon Allen,2,JAX,6,201,2016,Arkansas,2019,2024,27-32,16,9,149,263,114,56.7,1611,10,6,0,3.8,2.3,78,21,143,7.39,6.1,5.86,4.92,10.8,100.7,36.3,2,7,0,1,2,QB,"CIN,DEN,SFO"
134,Matt Barkley,2,PHI,4,98,2013,Southern California,2013,2023,23-33,20,7,212,363,151,58.4,2699,11,22,0,3,6.1,66.6,13,92,3.46,7.4,5.31,4.89,12.7,135,48.7,2,5,0,0,0,QB,"BUF,CHI,JAX,PHI"
135,Brooks Bollinger,2,NYJ,6,200,2003,Wisconsin,2004,2008,25-29,21,10,211,360,149,58.6,2226,9,9,1,2.5,2.5,74.6,49,301,11.98,6.2,5.56,4.16,10.5,106,39.6,2,8,0,2,1,QB,"DAL,MIN,NYJ"
136,Dennis Dixon,2,PIT,5,156,2008,Oregon,2008,2010,23-25,4,3,35,59,24,59.3,402,1,2,0,1.7,3.4,71.4,5,41,7.81,6.8,5.63,4.55,11.5,100.5,37.5,2,1,0,0,1,QB,PIT
137,Ken Dorsey,2,SFO,7,241,2003,Miami (FL),2004,2008,23-27,16,13,214,408,194,52.5,2082,8,18,4,2,4.4,55.2,25,172,5.77,5.1,3.51,2.91,9.7,130.1,35.3,2,11,0,0,1,QB,"CLE,SFO"
138,Cody Kessler,2,CLE,3,93,2016,Southern California,2016,2018,23-25,17,12,224,349,125,64.2,2215,8,5,0,2.3,1.4,83.7,49,337,12.31,6.3,6.16,4.56,9.9,130.3,42.5,2,10,0,0,0,QB,"CLE,JAX"
139,Trey Lance,2,SFO,1,3,2021,North Dakota State,2021,2022,21-22,8,4,56,102,46,54.9,797,5,3,0,4.9,2.9,84.5,6,24,5.56,7.8,7.47,6.83,14.2,99.6,37,2,2,0,0,0,QB,SFO
140,Johnny Manziel,2,CLE,1,22,2014,Texas A&M,2014,2015,22-23,14,8,147,258,111,57,1675,7,7,0,2.7,2.7,74.4,22,167,7.86,6.5,5.81,4.76,11.4,119.6,39.6,2,6,0,0,0,QB,CLE
141,A.J. McCarron,2,CIN,5,164,2014,Alabama,2015,2023,25-33,19,4,113,179,66,63.1,1192,6,3,1,3.4,1.7,86.6,21,143,10.5,6.7,6.58,5.17,10.5,62.7,42,2,2,0,0,0,QB,"CIN,HOU,OAK"
142,Luke McCown,2,CLE,4,106,2004,Louisiana Tech,2004,2015,23-34,62,10,216,356,140,60.7,2370,9,15,1,2.5,4.2,71.3,34,271,8.72,6.7,5.27,4.11,11,38.2,39,2,8,0,1,1,QB,"ATL,CLE,JAX,NOR,TAM"
143,Dan Orlovsky,2,DET,5,145,2005,Connecticut,2005,2015,22-32,26,12,298,512,214,58.2,3132,15,13,1,2.9,2.5,75.3,29,182,5.36,6.1,5.56,4.93,10.5,120.5,43.3,2,10,0,1,1,QB,"DET,HOU,IND,TAM"
144,J.T. O'Sullivan,2,NOR,6,186,2002,UC Davis,2004,2009,25-30,17,8,145,257,112,56.4,1866,9,13,2,3.5,5.1,69.9,38,246,12.88,7.3,5.68,4.12,12.9,109.8,37.3,2,6,0,1,1,QB,"CIN,DET,GNB,SFO"
145,Tom Savage,2,HOU,4,135,2014,Pittsburgh,2014,2017,24-27,13,9,181,315,134,57.5,2000,5,7,0,1.6,2.2,72.5,27,200,7.89,6.3,5.67,4.63,11,153.8,40.6,2,7,0,3,3,QB,HOU
146,Andrew Walter,2,OAK,3,69,2005,Arizona State,2006,2008,24-26,15,9,174,333,159,52.3,1919,3,16,0,0.9,4.8,52.6,51,295,13.28,5.8,3.78,2.51,11,127.9,35.9,2,7,0,0,0,QB,OAK
147,Chris Weinke,2,CAR,4,106,2001,Florida State,2001,2007,29-35,29,20,386,709,323,54.4,3904,15,26,5,2.1,3.7,62.2,47,298,6.22,5.5,4.28,3.62,10.1,134.6,38,2,18,0,1,1,QB,"CAR,SFO"
148,Charlie Whitehurst,2,SDG,3,81,2006,Clemson,2006,2016,24-34,25,9,219,396,177,55.3,2463,11,8,0,2.8,2,74.9,38,204,8.76,6.2,5.87,4.88,11.2,98.5,36.6,2,7,0,1,1,QB,"CLE,IND,SDG,SEA,TEN"
149,Mike White,2,DAL,5,171,2018,Western Kentucky,2021,2023,26-28,14,7,196,313,117,62.6,2219,9,13,1,2.9,4.2,76.1,13,94,3.99,7.1,5.8,5.28,11.3,158.5,46,2,5,0,1,1,QB,"MIA,NYJ"
150,Bryce Young,2,CAR,1,1,2023,Alabama,2023,2024,22-23,20,18,352,592,240,59.5,3176,11,13,3,1.9,2.2,71,69,520,10.44,5.4,4.75,3.47,9,158.8,35.7,2,16,0,2,2,QB,CAR
151,Jimmy Clausen,1,CAR,2,48,2010,Notre Dame,2010,2015,23-28,21,14,255,472,217,54,2520,7,14,3,1.5,3,61.9,43,281,8.35,5.3,4.3,3.4,9.9,120,32,1,13,0,0,0,QB,"BAL,CAR,CHI"
152,Jeff Driskel,1,SFO,6,207,2016,Louisiana Tech,2018,2024,25-31,25,12,229,391,162,58.6,2394,16,10,0,4.1,2.6,79.4,43,305,9.91,6.1,5.79,4.51,10.5,95.8,37.3,1,10,0,0,0,QB,"CIN,CLE,DEN,DET,HOU,WAS"
153,Ryan Finley,1,CIN,4,104,2019,NC State,2019,2020,25-26,8,4,58,119,61,48.7,638,3,4,1,2.5,3.4,59.4,20,156,14.39,5.4,4.35,2.6,11,79.8,28.1,1,3,0,0,0,QB,CIN
154,Jaren Hall,1,MIN,5,164,2023,Brigham Young,2023,2023,25,3,2,13,20,7,65,168,0,1,0,0,5,70.4,4,28,16.67,8.4,6.15,3.96,12.9,56,37.5,1,1,0,0,0,QB,MIN
155,Drew Henson,1,HOU,6,192,2003,Michigan,2004,2008,24-28,9,1,11,20,9,55,98,1,1,1,5,5,64.2,5,51,20,4.9,3.65,0.88,8.9,10.9,36,1,0,0,0,0,QB,"DAL,DET"
156,Josh Johnson,1,TAM,5,160,2008,San Diego,2009,2024,23-38,41,9,207,356,149,58.1,2281,13,16,2,3.7,4.5,70.7,29,189,7.53,6.4,5.12,4.24,11,55.6,42.6,1,8,0,1,1,QB,"BAL,CIN,CLE,NYJ,SFO,TAM,WAS"
157,Kurt Kittner,1,ATL,5,158,2002,Illinois,2003,2003,23,7,4,44,114,70,38.6,391,2,6,1,1.8,5.3,32.5,5,30,4.2,3.4,1.41,1.1,8.9,55.9,26.9,1,3,0,0,0,QB,ATL
158,Ryan Lindley,1,ARI,6,185,2012,San Diego State,2012,2015,23-26,10,6,140,274,134,51.1,1372,3,11,3,1.1,4,52.4,18,137,6.16,5,3.42,2.74,9.8,137.2,33.9,1,5,0,0,0,QB,"ARI,IND"
159,Paxton Lynch,1,DEN,1,26,2016,Memphis,2016,2017,22-23,5,4,79,128,49,61.7,792,4,4,0,3.1,3.1,76.7,18,93,12.33,6.2,5.41,4.1,10,158.4,41.1,1,3,0,0,0,QB,DEN
160,Stephen McGee,1,DAL,4,101,2009,Texas A&M,2010,2011,25-26,3,1,46,82,36,56.1,420,3,0,0,3.7,0,82.4,6,50,6.82,5.1,5.85,4.89,9.1,140,31.8,1,0,0,1,1,QB,DAL
161,Nathan Peterman,1,BUF,5,171,2017,Pittsburgh,2017,2023,23-29,15,5,85,160,75,53.1,712,4,13,3,2.5,8.1,39.4,12,66,6.98,4.5,1.29,0.82,8.4,47.5,32.6,1,4,0,0,0,QB,"BUF,CHI,LVR"
162,Bryce Petty,1,NYJ,4,103,2015,Baylor,2016,2017,25-26,10,7,130,245,115,53.1,1353,4,10,0,1.6,4.1,57.7,21,134,7.89,5.5,4.01,3.19,10.4,135.3,34.6,1,6,0,1,1,QB,NYJ
163,Jarrett Stidham,1,NWE,4,133,2019,Auburn,2019,2024,23-28,17,4,117,197,80,59.4,1422,8,8,2,4.1,4.1,78.3,19,121,8.8,7.2,6.2,5.1,12.2,83.6,41.2,1,3,0,0,0,QB,"DEN,LVR,NWE"
164,Tyler Thigpen,1,MIN,7,217,2007,Coastal Carolina,2007,2012,23-28,29,12,275,509,234,54,3222,21,18,2,4.1,3.5,72.5,35,221,6.43,6.3,5.56,4.8,11.7,111.1,41.2,1,11,0,0,1,QB,"BUF,KAN,MIA"
165,Dorian Thompson-Robinson,1,CLE,5,140,2023,UCLA,2023,2024,24-25,9,3,71,136,65,52.2,522,1,6,0,0.7,4.4,45.6,7,63,4.9,3.8,2,1.46,7.4,58,33.6,1,2,0,0,1,QB,CLE
166,Skylar Thompson,1,MIA,7,247,2022,Kansas State,2022,2024,25-27,9,3,81,138,57,58.7,721,1,3,0,0.7,2.2,66.1,12,84,8,5.2,4.39,3.48,8.9,80.1,36.7,1,2,0,0,1,QB,MIA
167,John Beck,0,MIA,2,40,2007,Brigham Young,2007,2011,26-30,9,7,140,239,99,58.6,1417,3,7,0,1.3,2.9,67.6,26,153,9.81,5.9,4.86,3.81,10.1,157.4,41.9,0,7,0,0,0,QB,"MIA,WAS"
168,Ian Book,0,NOR,4,133,2021,Notre Dame,2021,2021,23,1,1,12,20,8,60,135,0,2,1,0,10,40.6,8,54,28.57,6.8,2.25,-0.32,11.3,135,28.6,0,1,0,0,0,QB,NOR
169,Brian Brohm,0,GNB,2,56,2008,Louisville,2009,2010,24-25,3,2,27,52,25,51.9,252,0,5,1,0,9.6,26,5,13,8.77,4.8,0.52,0.25,9.3,84,36.8,0,2,0,0,0,QB,BUF
170,Brodie Croyle,0,KAN,3,85,2006,Alabama,2006,2010,23-27,18,10,181,319,138,56.7,1669,8,9,2,2.5,2.8,67.8,26,168,7.54,5.2,4.46,3.64,9.2,92.7,38.8,0,10,0,0,0,QB,KAN
171,Ben DiNucci,0,DAL,7,231,2020,James Madison,2020,2020,24,3,1,23,43,20,53.5,219,0,0,0,0,0,67.9,7,73,14,5.1,5.09,2.92,9.5,73,34,0,1,0,0,0,QB,DAL
172,Sam Ehlinger,0,IND,6,218,2021,Texas,2021,2023,23-25,8,3,64,101,37,63.4,573,3,3,2,3,3,76.1,14,87,12.17,5.7,4.93,3.57,9,71.6,40.9,0,3,0,0,0,QB,IND
173,Luke Falk,0,TEN,6,199,2018,Washington State,2019,2019,25,3,2,47,73,26,64.4,416,0,3,1,0,4.1,62.4,16,96,17.98,5.7,3.85,2.08,8.9,138.7,27,0,2,0,0,0,QB,NYJ
174,Randy Fasani,0,CAR,5,137,2002,Stanford,2002,2002,24,4,1,15,44,29,34.1,171,0,4,0,0,9.1,8.8,7,60,13.73,3.9,-0.2,-1.35,11.4,42.8,17.6,0,1,0,0,0,QB,CAR
175,Jake Fromm,0,BUF,5,167,2020,Georgia,2021,2021,23,3,2,27,60,33,45,210,1,3,1,1.7,5,38.9,6,33,9.09,3.5,1.58,0.94,7.8,70,27.3,0,2,0,0,0,QB,NYG
176,Garrett Gilbert,0,STL,6,214,2014,SMU,2018,2021,27-30,8,2,43,75,32,57.3,477,1,1,0,1.3,1.3,75.2,5,48,6.25,6.4,6.03,5.05,11.1,59.6,40,0,2,0,0,0,QB,"CAR,CLE,DAL,WAS"
177,Will Grier,0,CAR,3,100,2019,West Virginia,2019,2019,24,2,2,28,52,24,53.8,228,0,4,1,0,7.7,33.2,6,44,10.34,4.4,0.92,0.07,8.1,114,32.8,0,2,0,0,0,QB,CAR
178,Kevin Hogan,0,KAN,5,162,2016,Stanford,2016,2021,24-29,9,1,60,101,41,59.4,621,4,7,1,4,6.9,61.5,8,45,7.34,6.1,3.82,3.13,10.4,69,38.5,0,1,0,0,0,QB,"CLE,TEN"
179,Jarious Jackson,0,DEN,7,214,2000,Notre Dame,2000,2003,23-26,5,1,11,22,11,50,114,0,1,0,0,4.5,46.4,2,11,8.33,5.2,3.14,2.42,10.4,22.8,37.5,0,1,0,0,0,QB,DEN
180,DeShone Kizer,0,CLE,2,52,2017,Notre Dame,2017,2018,21-22,18,15,275,518,243,53.1,3081,11,24,1,2.1,4.6,58.9,42,264,7.5,5.9,4.29,3.49,11.2,171.2,33.9,0,15,0,0,0,QB,"CLE,GNB"
181,Jake Luton,0,JAX,6,189,2020,Oregon State,2020,2020,24,3,3,60,110,50,54.5,624,2,6,0,1.8,5.5,54.5,7,52,5.98,5.7,3.58,2.92,10.4,208,41,0,3,0,0,0,QB,JAX
182,Sean Mannion,0,STL,3,89,2015,Oregon State,2015,2021,23-29,14,3,67,110,43,60.9,573,1,3,1,0.9,2.7,66.2,5,35,4.35,5.2,4.16,3.68,8.6,40.9,34.8,0,3,0,0,0,QB,"LAR,MIN,STL"
183,Matt Mauck,0,DEN,7,225,2004,Louisiana State,2005,2005,26,2,1,15,27,12,55.6,136,0,1,0,0,3.7,53.9,1,8,3.57,5,3.37,2.96,9.1,68,35.7,0,1,0,0,0,QB,TEN
184,Drake Maye,0,NWE,1,3,2024,North Carolina,2024,2024,22,3,2,50,78,28,64.1,541,5,2,0,6.4,2.6,95.1,8,66,9.3,6.9,7.06,5.64,10.8,180.3,44.2,0,2,0,0,0,QB,NWE
185,Greg McElroy,0,NYJ,7,208,2011,Alabama,2012,2012,24,2,1,19,31,12,61.3,214,1,1,0,3.2,3.2,79.2,11,71,26.19,6.9,6.1,2.81,11.3,107,35.7,0,1,0,1,1,QB,NYJ
186,Trace McSorley,0,BAL,6,197,2019,Penn State,2019,2022,24-27,9,1,48,93,45,51.6,502,1,5,0,1.1,5.4,48.8,3,27,3.13,5.4,3.19,2.81,10.5,55.8,28.1,0,1,0,0,0,QB,"ARI,BAL"
187,Zach Mettenberger,0,TEN,6,178,2014,Louisiana State,2014,2015,23-24,14,10,208,345,137,60.3,2347,12,14,2,3.5,4.1,75.4,31,236,8.24,6.8,5.67,4.58,11.3,167.6,39.4,0,10,0,0,0,QB,TEN
188,John Navarre,0,ARI,7,202,2004,Michigan,2004,2005,24-25,2,1,32,64,32,50,342,2,5,0,3.1,7.8,43.9,5,35,7.25,5.3,2.45,1.77,10.7,171,33.3,0,1,0,0,0,QB,ARI
189,Keith Null,0,STL,6,196,2009,West Texas A&M,2009,2009,24,4,4,73,119,46,61.3,566,3,9,1,2.5,7.6,49.9,13,82,9.85,4.8,1.86,1.05,7.8,141.5,39.4,0,4,0,0,0,QB,STL
190,Curtis Painter,0,IND,6,201,2009,Purdue,2009,2013,24-28,14,8,148,287,139,51.6,1681,6,13,1,2.1,4.5,57.6,20,126,6.51,5.9,4.24,3.55,11.4,120.1,35.2,0,8,0,0,0,QB,"IND,NYG"
191,Jesse Palmer,0,NYG,4,125,2001,Florida,2002,2003,24-25,8,3,63,120,57,52.5,562,3,4,1,2.5,3.3,59.8,16,95,11.76,4.7,3.68,2.55,8.9,70.3,33.1,0,3,0,0,0,QB,NYG
192,Cody Pickett,0,SFO,7,217,2004,Washington,2004,2005,24-25,6,2,18,45,27,40,195,0,4,0,0,8.9,16.4,5,30,10,4.3,0.33,-0.3,10.8,32.5,18,0,2,0,0,0,QB,SFO
193,Dave Ragone,0,HOU,3,88,2003,Louisville,2003,2003,24,2,2,20,40,20,50,135,0,1,0,0,2.5,47.4,8,39,16.67,3.4,2.25,1.06,6.8,67.5,22.9,0,2,0,0,0,QB,HOU
194,Spencer Rattler,0,NOR,5,150,2024,South Carolina,2024,2024,24,2,2,47,75,28,62.7,415,1,2,0,1.3,2.7,70.7,11,57,12.79,5.5,4.6,3.35,8.8,207.5,29.1,0,2,0,0,0,QB,NOR
195,Rusty Smith,0,TEN,6,176,2010,Florida Atlantic,2010,2012,23-25,3,1,23,45,22,51.1,234,0,4,0,0,8.9,29.3,1,0,2.17,5.2,1.2,1.17,10.2,78,26.1,0,1,0,0,0,QB,TEN
196,Brian St. Pierre,0,PIT,5,163,2003,Boston College,2004,2010,25-31,3,1,15,33,18,45.5,185,2,3,2,6.1,9.1,45.6,3,23,8.33,5.6,2.73,1.86,12.3,61.7,19.4,0,1,0,1,1,QB,"ARI,CAR,PIT"
197,Easton Stick,0,LAC,5,166,2019,North Dakota State,2020,2023,25-28,6,4,112,175,63,64,1133,3,1,1,1.7,0.6,85.7,14,122,7.41,6.5,6.56,5.43,10.1,188.8,43.4,0,4,0,0,0,QB,LAC
198,Marques Tuiasosopo,0,OAK,2,59,2001,Washington,2001,2008,22-29,13,2,49,90,41,54.4,554,2,7,0,2.2,7.8,48.1,10,70,10,6.2,3.1,2.09,11.3,42.6,43,0,2,0,0,0,QB,OAK
199,Clayton Tune,0,ARI,5,139,2023,Houston,2023,2024,24-25,9,1,12,21,9,57.1,62,0,2,0,0,9.5,22.6,7,41,25,3,-1.33,-2.46,5.2,6.9,17.9,0,1,0,0,0,QB,ARI
200,Davis Webb,0,NYG,3,87,2017,California,2021,2022,26-27,2,1,23,40,17,57.5,168,1,0,0,2.5,0,75.8,0,0,0,4.2,4.7,4.7,7.3,84,35,0,1,0,0,0,QB,"BUF,NYG"
